deck,card,copies,oracle_fragment,scanner_reason,execution_review,impact_priority,family,disposition
leonardo,"Leonardo, Sewer Samurai",2,"During your turn, you may cast creature spells with power or toughness 1 or less from your graveyard. If you cast a spell this way, that creature enters with a finality counter on it. (If a creature with a finality counter on it would die, exile it instead.)",oracle_ability_not_implemented,covered,none,inventory,Other tested execution path
leonardo,Quintessential Katana,2,"Equipped creature gets +1/+1 and has ""Whenever this creature deals combat damage, untap it and you gain 2 life.""",oracle_ability_not_implemented,gap,P0,combat,Printed clause absent or materially incomplete
leonardo,Quintessential Katana,2,"Whenever a Ninja you control enters, you may attach this Equipment to it.",oracle_ability_not_implemented,gap,P1,casting,Printed clause absent or materially incomplete
leonardo,Leader's Talent,4,(Gain the next level as a sorcery to add its ability.),oracle_ability_not_implemented,annotation,none,syntax,Reminder/header; child clauses reviewed separately
leonardo,Leader's Talent,4,"Whenever you attack, put a +1/+1 counter on target attacking creature.",oracle_ability_not_implemented,gap,P1,class identity,Printed clause absent or materially incomplete
leonardo,Leader's Talent,4,{2}{W}: Level 2,activation_child_semantics_not_implemented,gap,P1,class identity,Printed clause absent or materially incomplete
leonardo,Leader's Talent,4,"Whenever a creature you control leaves the battlefield, if it had a counter on it, you gain 2 life.",oracle_ability_not_implemented,gap,P1,class identity,Printed clause absent or materially incomplete
leonardo,Leader's Talent,4,{3}{W}: Level 3,activation_child_semantics_not_implemented,gap,P1,class identity,Printed clause absent or materially incomplete
leonardo,Leader's Talent,4,"Whenever you cast a spell, put a +1/+1 counter on each creature you control.",oracle_ability_not_implemented,gap,P1,class identity,Printed clause absent or materially incomplete
leonardo,Hamato Guardian Stance,2,Target creature gets +1/+3 and gains flying until end of turn. Scry 1. (Look at the top card of your library. You may put that card on the bottom.),scry_preceding_effect_not_implemented,gap,P1,combat,Printed clause absent or materially incomplete
leonardo,The Last Ronin's Technique,1,Sneak {1}{W} (You may cast this spell for {1}{W} if you also return an unblocked attacker you control to hand during the declare blockers step.),sneak_noncreature_spell_not_implemented,gap,P1,combat,Printed clause absent or materially incomplete
leonardo,The Last Ronin's Technique,1,"Create three 1/1 white Ninja Turtle Spirit creature tokens. If this spell's sneak cost was paid, they enter tapped and attacking.",token_attacking_context_not_implemented,gap,P0,combat,Cast/payment/target/stack path missing or incomplete
leonardo,The Last Ronin's Technique,1,"Create three 1/1 white Ninja Turtle Spirit creature tokens. If this spell's sneak cost was paid, they enter tapped and attacking.",token_spell_context_not_implemented,gap,P0,combat,Cast/payment/target/stack path missing or incomplete
leonardo,Leonardo's Technique,2,Sneak {1}{W} (You may cast this spell for {1}{W} if you also return an unblocked attacker you control to hand during the declare blockers step.),sneak_noncreature_spell_not_implemented,gap,P1,combat,Printed clause absent or materially incomplete
leonardo,Leonardo's Technique,2,Return one or two target creature cards each with mana value 3 or less from your graveyard to the battlefield.,oracle_ability_not_implemented,gap,P0,resource,Cast/payment/target/stack path missing or incomplete
raphael,"Raphael, Most Attitude",2,Menace (This creature can't be blocked except by two or more creatures.),oracle_ability_not_implemented,covered,none,combat,Printed keyword/block restriction executes
raphael,"Raphael, Most Attitude",2,"Alliance — Whenever another creature you control enters, you may exile the top card of your library.",oracle_ability_not_implemented,partial,P0,linked exile,Stacked linked trigger incorrectly stops after source removal
raphael,"Raphael, Most Attitude",2,"Whenever Raphael attacks, until end of turn, you may play a card exiled with Raphael.",oracle_ability_not_implemented,partial,P0,linked exile,Stacked linked trigger incorrectly stops after source removal
raphael,"Raphael, Ninja Destroyer",2,Raphael must be blocked if able.,oracle_ability_not_implemented,gap,P0,combat,Printed clause absent or materially incomplete
raphael,"Raphael, Ninja Destroyer",2,"Enrage — Whenever Raphael is dealt damage, add that much {R}. Until end of turn, you don't lose this mana as steps and phases end.",oracle_ability_not_implemented,gap,P1,combat,Printed clause absent or materially incomplete
raphael,Spicy Oatmeal Pizza,1,"When this artifact enters, it deals 4 damage to any target and 3 damage to you.",damage_any_target_not_implemented,gap,P0,interaction,Printed clause absent or materially incomplete
raphael,Spicy Oatmeal Pizza,1,"When this artifact enters, it deals 4 damage to any target and 3 damage to you.",damage_trigger_context_not_implemented,gap,P0,interaction,Printed clause absent or materially incomplete
raphael,Spicy Oatmeal Pizza,1,"When this artifact enters, it deals 4 damage to any target and 3 damage to you.",damage_followup_semantics_not_implemented,gap,P0,interaction,Printed clause absent or materially incomplete
raphael,Cool but Rude,4,(Gain the next level as a sorcery to add its ability.),oracle_ability_not_implemented,annotation,none,syntax,Reminder/header; child clauses reviewed separately
raphael,Cool but Rude,4,"Whenever you attack, you may discard a card. If you do, draw a card.",discard_draw_attack_trigger_context_not_implemented,gap,P0,combat,Printed clause absent or materially incomplete
raphael,Cool but Rude,4,{1}{R}: Level 2,activation_child_semantics_not_implemented,gap,P1,class identity,Printed clause absent or materially incomplete
raphael,Cool but Rude,4,"Whenever you discard a card, this Class deals 2 damage to each opponent.",damage_trigger_context_not_implemented,gap,P0,combat,Printed clause absent or materially incomplete
raphael,Cool but Rude,4,{1}{R}: Level 3,activation_child_semantics_not_implemented,gap,P1,class identity,Printed clause absent or materially incomplete
raphael,Cool but Rude,4,"When this Class becomes level 3, search your library for a card, put it into your hand, shuffle, then discard a card at random.",oracle_ability_not_implemented,gap,P1,class identity,Printed clause absent or materially incomplete
raphael,Mouser Attack!,3,Choose one —,oracle_ability_not_implemented,annotation,none,syntax,Reminder/header; child clauses reviewed separately
raphael,Mouser Attack!,3,• Create a 1/1 colorless Robot artifact creature token.,token_choice_context_not_implemented,gap,P0,token,Cast/payment/target/stack path missing or incomplete
raphael,Mouser Attack!,3,• Target creature gets +3/+0 and gains first strike until end of turn.,strike_temporary_grant_context_not_implemented,gap,P0,board/zone,Cast/payment/target/stack path missing or incomplete
raphael,Raphael's Technique,2,Sneak {2}{R} (You may cast this spell for {2}{R} if you also return an unblocked attacker you control to hand during the declare blockers step.),sneak_noncreature_spell_not_implemented,gap,P1,combat,Printed clause absent or materially incomplete
raphael,Raphael's Technique,2,Each player may discard their hand and draw seven cards.,oracle_ability_not_implemented,gap,P0,resource,Cast/payment/target/stack path missing or incomplete
donatello,Fugitive Droid,4,This creature can't be blocked if an artifact entered the battlefield under your control this turn.,oracle_ability_not_implemented,gap,P0,combat,Printed clause absent or materially incomplete
donatello,Buzz Bots,4,"Flying, vigilance",oracle_ability_not_implemented,covered,none,inventory,Other tested execution path
donatello,"Donatello, Way with Machines",3,Flying,oracle_ability_not_implemented,covered,none,combat,Printed keyword/block restriction executes
donatello,"Donatello, Way with Machines",3,"Whenever an artifact you control enters, put a +1/+1 counter on Donatello.",oracle_ability_not_implemented,gap,P1,board/zone,Printed clause absent or materially incomplete
donatello,"Donatello, Gadget Master",2,"Whenever Donatello deals combat damage to a player, create a token that's a copy of target artifact you control.",token_copy_not_implemented,gap,P1,combat,Printed clause absent or materially incomplete
donatello,"Donatello, Gadget Master",2,"Whenever Donatello deals combat damage to a player, create a token that's a copy of target artifact you control.",token_trigger_context_not_implemented,gap,P1,combat,Printed clause absent or materially incomplete
donatello,"Donatello, Mutant Mechanic",2,"{T}: Put three +1/+1 counters on target artifact you control. If it isn't a creature, it becomes a 0/0 Robot creature in addition to its other types. Activate only as a sorcery.",activation_targets_choices_not_implemented,gap,P1,board/zone,Printed clause absent or materially incomplete
donatello,"Donatello, Mutant Mechanic",2,"{T}: Put three +1/+1 counters on target artifact you control. If it isn't a creature, it becomes a 0/0 Robot creature in addition to its other types. Activate only as a sorcery.",activation_child_semantics_not_implemented,gap,P1,board/zone,Printed clause absent or materially incomplete
donatello,"Donatello, Mutant Mechanic",2,"{T}: Put three +1/+1 counters on target artifact you control. If it isn't a creature, it becomes a 0/0 Robot creature in addition to its other types. Activate only as a sorcery.",activation_timing_restriction_not_implemented,gap,P1,board/zone,Printed clause absent or materially incomplete
donatello,"Donatello, Mutant Mechanic",2,"Whenever an artifact you control is put into a graveyard from the battlefield, if it had counters on it, put those counters on up to one target artifact or creature you control.",oracle_ability_not_implemented,gap,P1,board/zone,Printed clause absent or materially incomplete
donatello,Mouser Mark III,3,This creature can't attack unless you control another artifact.,oracle_ability_not_implemented,covered,none,inventory,Other tested execution path
donatello,Does Machines,3,(Gain the next level as a sorcery to add its ability.),oracle_ability_not_implemented,annotation,none,syntax,Reminder/header; child clauses reviewed separately
donatello,Does Machines,3,{4}{U}: Level 3,activation_child_semantics_not_implemented,gap,P1,class identity,Printed clause absent or materially incomplete
donatello,Does Machines,3,"At the beginning of combat on your turn, put three +1/+1 counters on target artifact you control. If it isn't a creature, it becomes a 0/0 Robot creature in addition to its other types.",oracle_ability_not_implemented,gap,P1,class identity,Printed clause absent or materially incomplete
donatello,Ooze Spill,4,"Counter target spell. Create a Mutagen token. (It's an artifact with ""{1}, {T}, Sacrifice this token: Put a +1/+1 counter on target creature. Activate only as a sorcery."")",token_preceding_effect_not_implemented,covered,none,inventory,Other tested execution path
michelangelo,Courier of Comestibles,4,"When this creature enters, you may search your library for a Food card, reveal it, put it into your hand, then shuffle. If you don't put a card into your hand this way, create a Food token. (It's an artifact with ""{2}, {T}, Sacrifice this token: You gain 3 life."")",token_condition_context_not_implemented,covered,none,inventory,Other tested execution path
michelangelo,"Michelangelo, Weirdness to 11",4,"If one or more +1/+1 counters would be put on a creature you control, that many plus one +1/+1 counters are put on it instead.",oracle_ability_not_implemented,covered,none,inventory,Other tested execution path
michelangelo,"Michelangelo, Game Master",3,"Disappear — At the beginning of your end step, if a permanent left the battlefield under your control this turn, put a +1/+1 counter on Michelangelo.",oracle_ability_not_implemented,gap,P1,board/zone,Printed clause absent or materially incomplete
michelangelo,"Michelangelo, Mutant BFF",2,Each creature you control with a counter on it can't be blocked by more than one creature.,oracle_ability_not_implemented,gap,P1,combat,Printed clause absent or materially incomplete
michelangelo,"Michelangelo, Improviser",2,"Whenever Michelangelo deals combat damage to a player, you may put a creature card and/or a land card from your hand onto the battlefield.",oracle_ability_not_implemented,gap,P1,combat,Printed clause absent or materially incomplete
michelangelo,Cowabunga!,3,"Look at the top four cards of your library. You may reveal a Mutant, Ninja, Turtle, or land card from among them and put it into your hand. Put the rest on the bottom of your library in a random order.",oracle_ability_not_implemented,gap,P0,resource,Printed clause absent or materially incomplete
michelangelo,Guac & Marshmallow Pizza,3,"When this artifact enters, target creature gets +2/+2 until end of turn. Untap it.",oracle_ability_not_implemented,gap,P1,board/zone,Printed clause absent or materially incomplete
michelangelo,Saved by the Shell,3,This spell costs {1} less to cast if you control a Turtle.,oracle_ability_not_implemented,gap,P0,casting,Printed clause absent or materially incomplete
michelangelo,Saved by the Shell,3,"Put a +1/+1 counter on target creature you control. It gains trample, hexproof, and indestructible until end of turn.",trample_parent_context_not_implemented,gap,P0,combat,Printed clause absent or materially incomplete
michelangelo,Saved by the Shell,3,"Put a +1/+1 counter on target creature you control. It gains trample, hexproof, and indestructible until end of turn.",trample_followup_semantics_not_implemented,gap,P0,combat,Printed clause absent or materially incomplete
michelangelo,Tenderize,3,Target creature you control deals damage equal to its power to target creature an opponent controls.,dynamic_damage_amount_not_implemented,gap,P0,interaction,Printed clause absent or materially incomplete
michelangelo,Mutant Chain Reaction,2,"Destroy up to one target artifact, enchantment, or creature with flying. Create a Mutagen token. (It's an artifact with ""{1}, {T}, Sacrifice this token: Put a +1/+1 counter on target creature. Activate only as a sorcery."")",token_preceding_effect_not_implemented,gap,P0,interaction,Printed clause absent or materially incomplete
michelangelo,Michelangelo's Technique,2,Sneak {3}{G} (You may cast this spell for {3}{G} if you also return an unblocked attacker you control to hand during the declare blockers step.),sneak_noncreature_spell_not_implemented,gap,P1,combat,Printed clause absent or materially incomplete
michelangelo,Michelangelo's Technique,2,Look at the top eight cards of your library. Put up to two creature cards with total mana value 6 or less from among them onto the battlefield and the rest on the bottom of your library in a random order.,oracle_ability_not_implemented,gap,P0,resource,Cast/payment/target/stack path missing or incomplete
splinter,Dream Beavers,4,Flying,oracle_ability_not_implemented,covered,none,inventory,Other tested execution path
splinter,Squirrelanoids,4,Deathtouch,oracle_ability_not_implemented,gap,P0,combat,Printed clause absent or materially incomplete
splinter,"Splinter, Hamato Yoshi",4,Menace (This creature can't be blocked except by two or more creatures.),oracle_ability_not_implemented,covered,none,combat,Printed keyword/block restriction executes
splinter,"Splinter, Hamato Yoshi",4,Other Ninjas you control get +1/+1.,oracle_ability_not_implemented,gap,P1,board/zone,Printed clause absent or materially incomplete
splinter,Insectoid Exterminator,3,Flying,oracle_ability_not_implemented,covered,none,combat,Printed keyword/block restriction executes
splinter,Insectoid Exterminator,3,"Disappear — At the beginning of your end step, if a permanent left the battlefield under your control this turn, scry 1. (Look at the top card of your library. You may put that card on the bottom.)",scry_condition_context_not_implemented,gap,P1,resource,Printed clause absent or materially incomplete
splinter,Foot Mystic,3,"Disappear — When this creature enters, if a permanent left the battlefield under your control this turn, create a 1/1 black Ninja creature token.",token_condition_context_not_implemented,gap,P1,token,Printed clause absent or materially incomplete
splinter,"Shark Shredder, Killer Clone",2,"Whenever Shark Shredder deals combat damage to a player, put up to one target creature card from that player's graveyard onto the battlefield under your control. It enters tapped and attacking that player.",oracle_ability_not_implemented,gap,P1,combat,Printed clause absent or materially incomplete
splinter,Death in the Family,3,Exile target creature with mana value 3 or less.,oracle_ability_not_implemented,gap,P0,interaction,Printed clause absent or materially incomplete
splinter,Pain 101,3,"Until end of turn, target creature gains deathtouch and ""When this creature dies, return it to the battlefield tapped under its owner's control.""",oracle_ability_not_implemented,gap,P1,board/zone,Printed clause absent or materially incomplete
splinter,Stomped by the Foot,3,Kicker—Sacrifice an artifact or creature. (You may sacrifice an artifact or creature in addition to any other costs as you cast this spell.),oracle_ability_not_implemented,gap,P1,token,Printed clause absent or materially incomplete
splinter,Stomped by the Foot,3,"Target creature gets -2/-2 until end of turn. If this spell was kicked, that creature gets -5/-5 until end of turn instead.",oracle_ability_not_implemented,gap,P0,interaction,Printed clause absent or materially incomplete
splinter,Ninja Teen,3,(Gain the next level as a sorcery to add its ability.),oracle_ability_not_implemented,annotation,none,syntax,Reminder/header; child clauses reviewed separately
splinter,Ninja Teen,3,"Whenever a creature you control leaves the battlefield, each opponent loses 1 life.",oracle_ability_not_implemented,gap,P1,class identity,Printed clause absent or materially incomplete
splinter,Ninja Teen,3,{1}{B}: Level 2,activation_child_semantics_not_implemented,gap,P1,class identity,Printed clause absent or materially incomplete
splinter,Ninja Teen,3,Creatures you control get +1/+0 and have menace.,oracle_ability_not_implemented,gap,P1,class identity,Printed clause absent or materially incomplete
splinter,Ninja Teen,3,{B}: Level 3,activation_child_semantics_not_implemented,gap,P1,class identity,Printed clause absent or materially incomplete
splinter,Ninja Teen,3,Creature cards in your graveyard have sneak {3}{B}.,sneak_reference_or_granted_ability_not_implemented,gap,P1,class identity,Printed clause absent or materially incomplete
splinter,Ninja Teen,3,You may cast creature spells from your graveyard using their sneak abilities.,sneak_reference_or_granted_ability_not_implemented,gap,P1,class identity,Printed clause absent or materially incomplete
splinter,Splinter's Technique,2,Sneak {1}{B} (You may cast this spell for {1}{B} if you also return an unblocked attacker you control to hand during the declare blockers step.),sneak_noncreature_spell_not_implemented,gap,P1,combat,Printed clause absent or materially incomplete
splinter,Splinter's Technique,2,"Search your library for a card, put that card into your hand, then shuffle.",oracle_ability_not_implemented,gap,P0,resource,Cast/payment/target/stack path missing or incomplete
shredder,Dream Beavers,3,Flying,oracle_ability_not_implemented,covered,none,inventory,Other tested execution path
shredder,Squirrelanoids,4,Deathtouch,oracle_ability_not_implemented,gap,P0,combat,Printed clause absent or materially incomplete
shredder,Super Shredder,3,Menace,oracle_ability_not_implemented,covered,none,combat,Printed keyword/block restriction executes
shredder,"Oroku Saki, Shredder Rising",3,"Whenever Oroku Saki deals combat damage to a player, you draw a card and lose 1 life.",oracle_ability_not_implemented,gap,P0,combat,Printed clause absent or materially incomplete
shredder,Foot Mystic,3,"Disappear — When this creature enters, if a permanent left the battlefield under your control this turn, create a 1/1 black Ninja creature token.",token_condition_context_not_implemented,gap,P1,token,Printed clause absent or materially incomplete
shredder,"Shark Shredder, Killer Clone",2,"Whenever Shark Shredder deals combat damage to a player, put up to one target creature card from that player's graveyard onto the battlefield under your control. It enters tapped and attacking that player.",oracle_ability_not_implemented,gap,P1,combat,Printed clause absent or materially incomplete
shredder,"Shredder, Unrelenting",3,Deathtouch,oracle_ability_not_implemented,gap,P0,combat,Printed clause absent or materially incomplete
shredder,"Shredder, Unrelenting",3,"Whenever Shredder enters or attacks, another target creature you control gains deathtouch until end of turn.",oracle_ability_not_implemented,partial,P0,combat,Grant trigger executes; lethal deathtouch does not
shredder,Shredder's Armor,4,"When this Equipment enters, attach it to target creature you control.",oracle_ability_not_implemented,gap,P1,casting,Printed clause absent or materially incomplete
shredder,Shredder's Armor,4,Equip—Sacrifice another nonland permanent. Activate only once each turn.,oracle_ability_not_implemented,gap,P0,casting,Printed clause absent or materially incomplete
shredder,Stomped by the Foot,4,Kicker—Sacrifice an artifact or creature. (You may sacrifice an artifact or creature in addition to any other costs as you cast this spell.),oracle_ability_not_implemented,gap,P1,token,Printed clause absent or materially incomplete
shredder,Stomped by the Foot,4,"Target creature gets -2/-2 until end of turn. If this spell was kicked, that creature gets -5/-5 until end of turn instead.",oracle_ability_not_implemented,gap,P0,interaction,Printed clause absent or materially incomplete
shredder,Shredder's Technique,3,Sneak {B} (You may cast this spell for {B} if you also return an unblocked attacker you control to hand during the declare blockers step.),sneak_noncreature_spell_not_implemented,gap,P1,token,Printed clause absent or materially incomplete
shredder,Shredder's Technique,3,"Destroy target creature or enchantment. If an enchantment was destroyed this way, you lose 2 life.",oracle_ability_not_implemented,gap,P0,interaction,Cast/payment/target/stack path missing or incomplete
shredder,Ninja Teen,2,(Gain the next level as a sorcery to add its ability.),oracle_ability_not_implemented,annotation,none,syntax,Reminder/header; child clauses reviewed separately
shredder,Ninja Teen,2,"Whenever a creature you control leaves the battlefield, each opponent loses 1 life.",oracle_ability_not_implemented,gap,P1,class identity,Printed clause absent or materially incomplete
shredder,Ninja Teen,2,{1}{B}: Level 2,activation_child_semantics_not_implemented,gap,P1,class identity,Printed clause absent or materially incomplete
shredder,Ninja Teen,2,Creatures you control get +1/+0 and have menace.,oracle_ability_not_implemented,gap,P1,class identity,Printed clause absent or materially incomplete
shredder,Ninja Teen,2,{B}: Level 3,activation_child_semantics_not_implemented,gap,P1,class identity,Printed clause absent or materially incomplete
shredder,Ninja Teen,2,Creature cards in your graveyard have sneak {3}{B}.,sneak_reference_or_granted_ability_not_implemented,gap,P1,class identity,Printed clause absent or materially incomplete
shredder,Ninja Teen,2,You may cast creature spells from your graveyard using their sneak abilities.,sneak_reference_or_granted_ability_not_implemented,gap,P1,class identity,Printed clause absent or materially incomplete
shredder,Anchovy & Banana Pizza,2,"When this artifact enters, destroy target creature.",oracle_ability_not_implemented,gap,P0,interaction,Printed clause absent or materially incomplete
krang,Fugitive Droid,4,This creature can't be blocked if an artifact entered the battlefield under your control this turn.,oracle_ability_not_implemented,gap,P0,combat,Printed clause absent or materially incomplete
krang,Buzz Bots,4,"Flying, vigilance",oracle_ability_not_implemented,covered,none,inventory,Other tested execution path
krang,"Krang, Master Mind",2,Affinity for artifacts (This spell costs {1} less to cast for each artifact you control.),oracle_ability_not_implemented,gap,P0,casting,Printed clause absent or materially incomplete
krang,"Krang, Master Mind",2,Krang gets +1/+0 for each other artifact you control.,oracle_ability_not_implemented,gap,P1,board/zone,Printed clause absent or materially incomplete
krang,"Ray Fillet, Man Ray",4,Flying,oracle_ability_not_implemented,covered,none,inventory,Other tested execution path
krang,"Stockman, Mad Fly-entist",3,Cycling,keyword_not_implemented,covered,none,inventory,Other tested execution path
krang,"Stockman, Mad Fly-entist",3,Landcycling,keyword_not_implemented,covered,none,inventory,Other tested execution path
krang,"Stockman, Mad Fly-entist",3,Typecycling,keyword_not_implemented,covered,none,inventory,Other tested execution path
krang,"Stockman, Mad Fly-entist",3,Flying,oracle_ability_not_implemented,covered,none,inventory,Other tested execution path
krang,Does Machines,1,(Gain the next level as a sorcery to add its ability.),oracle_ability_not_implemented,annotation,none,syntax,Reminder/header; child clauses reviewed separately
krang,Does Machines,1,{4}{U}: Level 3,activation_child_semantics_not_implemented,gap,P1,class identity,Printed clause absent or materially incomplete
krang,Does Machines,1,"At the beginning of combat on your turn, put three +1/+1 counters on target artifact you control. If it isn't a creature, it becomes a 0/0 Robot creature in addition to its other types.",oracle_ability_not_implemented,gap,P1,class identity,Printed clause absent or materially incomplete
krang,Negate,2,Counter target noncreature spell.,oracle_ability_not_implemented,gap,P0,interaction,Printed clause absent or materially incomplete
krang,Ooze Spill,2,"Counter target spell. Create a Mutagen token. (It's an artifact with ""{1}, {T}, Sacrifice this token: Put a +1/+1 counter on target creature. Activate only as a sorcery."")",token_preceding_effect_not_implemented,covered,none,inventory,Other tested execution path
bebop_rocksteady,"Mutagen Man, Living Ooze",2,Activated abilities of artifact tokens you control cost {1} less to activate.,oracle_ability_not_implemented,gap,P1,token,Printed clause absent or materially incomplete
bebop_rocksteady,"Mutagen Man, Living Ooze",2,"When Mutagen Man enters, create X Mutagen tokens. (They're artifacts with ""{1}, {T}, Sacrifice this token: Put a +1/+1 counter on target creature. Activate only as a sorcery."")",variable_token_quantity_not_implemented,gap,P1,token,Printed clause absent or materially incomplete
bebop_rocksteady,Frog Butler,2,Deathtouch,oracle_ability_not_implemented,gap,P0,combat,Printed clause absent or materially incomplete
bebop_rocksteady,Bebop & Rocksteady,4,"Whenever Bebop & Rocksteady attack or block, sacrifice a permanent unless you discard a card.",oracle_ability_not_implemented,gap,P0,combat,Printed clause absent or materially incomplete
bebop_rocksteady,Ice Cream Kitty,3,"{2}, Sacrifice another creature or token: Draw a card. Activate only as a sorcery.",activation_nonmana_cost_not_implemented,gap,P1,resource,Printed clause absent or materially incomplete
bebop_rocksteady,Ice Cream Kitty,3,"{2}, Sacrifice another creature or token: Draw a card. Activate only as a sorcery.",activation_child_semantics_not_implemented,gap,P1,resource,Printed clause absent or materially incomplete
bebop_rocksteady,Ice Cream Kitty,3,"{2}, Sacrifice another creature or token: Draw a card. Activate only as a sorcery.",activation_timing_restriction_not_implemented,gap,P1,resource,Printed clause absent or materially incomplete
bebop_rocksteady,Ice Cream Kitty,3,"{2}, {T}, Sacrifice this creature: You gain 3 life.",activation_nonmana_cost_not_implemented,gap,P1,board/zone,Printed clause absent or materially incomplete
bebop_rocksteady,Ice Cream Kitty,3,"{2}, {T}, Sacrifice this creature: You gain 3 life.",activation_child_semantics_not_implemented,gap,P1,board/zone,Printed clause absent or materially incomplete
bebop_rocksteady,Putrid Pals,3,Deathtouch,oracle_ability_not_implemented,gap,P0,combat,Printed clause absent or materially incomplete
bebop_rocksteady,Putrid Pals,3,Disappear — This creature enters with two +1/+1 counters on it if a permanent left the battlefield under your control this turn.,oracle_ability_not_implemented,gap,P1,board/zone,Printed clause absent or materially incomplete
bebop_rocksteady,Paramecia Coloniex,2,"When this creature dies, you may exile it. When you do, put target creature card from your graveyard on top of your library.",oracle_ability_not_implemented,covered,none,inventory,Other tested execution path
bebop_rocksteady,"Bebop, Warthog Warrior",2,Cycling,keyword_not_implemented,covered,none,cycling,Landcycling executed; catalog tags duplicate it
bebop_rocksteady,"Bebop, Warthog Warrior",2,Landcycling,keyword_not_implemented,covered,none,cycling,Landcycling executed; catalog tags duplicate it
bebop_rocksteady,"Bebop, Warthog Warrior",2,Typecycling,keyword_not_implemented,covered,none,cycling,Landcycling executed; catalog tags duplicate it
bebop_rocksteady,"Bebop, Warthog Warrior",2,Menace (This creature can't be blocked except by two or more creatures.),oracle_ability_not_implemented,covered,none,combat,Printed keyword/block restriction executes
bebop_rocksteady,"Bebop, Warthog Warrior",2,Rhinos you control have menace.,oracle_ability_not_implemented,gap,P1,board/zone,Printed clause absent or materially incomplete
bebop_rocksteady,"Rocksteady, Crash Courser",4,Cycling,keyword_not_implemented,covered,none,cycling,Landcycling executed; catalog tags duplicate it
bebop_rocksteady,"Rocksteady, Crash Courser",4,Landcycling,keyword_not_implemented,covered,none,cycling,Landcycling executed; catalog tags duplicate it
bebop_rocksteady,"Rocksteady, Crash Courser",4,Typecycling,keyword_not_implemented,covered,none,cycling,Landcycling executed; catalog tags duplicate it
bebop_rocksteady,"Rocksteady, Crash Courser",4,Rocksteady can't be blocked by more than one creature.,oracle_ability_not_implemented,covered,none,combat,Printed keyword/block restriction executes
bebop_rocksteady,"Rocksteady, Crash Courser",4,Boars you control can't be blocked by more than one creature.,oracle_ability_not_implemented,gap,P1,combat,Printed clause absent or materially incomplete
bebop_rocksteady,Cowabunga!,3,"Look at the top four cards of your library. You may reveal a Mutant, Ninja, Turtle, or land card from among them and put it into your hand. Put the rest on the bottom of your library in a random order.",oracle_ability_not_implemented,gap,P0,resource,Printed clause absent or materially incomplete
bebop_rocksteady,Stomped by the Foot,3,Kicker—Sacrifice an artifact or creature. (You may sacrifice an artifact or creature in addition to any other costs as you cast this spell.),oracle_ability_not_implemented,gap,P1,token,Printed clause absent or materially incomplete
bebop_rocksteady,Stomped by the Foot,3,"Target creature gets -2/-2 until end of turn. If this spell was kicked, that creature gets -5/-5 until end of turn instead.",oracle_ability_not_implemented,gap,P0,interaction,Printed clause absent or materially incomplete
bebop_rocksteady,Tainted Treats,1,"Destroy target artifact or creature. If its mana value was 4 or less, create a Food token. (It's an artifact with ""{2}, {T}, Sacrifice this token: You gain 3 life."")",token_condition_context_not_implemented,gap,P0,interaction,Printed clause absent or materially incomplete
bebop_rocksteady,Mutant Chain Reaction,3,"Destroy up to one target artifact, enchantment, or creature with flying. Create a Mutagen token. (It's an artifact with ""{1}, {T}, Sacrifice this token: Put a +1/+1 counter on target creature. Activate only as a sorcery."")",token_preceding_effect_not_implemented,gap,P0,interaction,Printed clause absent or materially incomplete
bebop_rocksteady,Illegitimate Business,2,This land enters tapped.,oracle_ability_not_implemented,gap,P0,mana,Printed clause absent or materially incomplete
bebop_rocksteady,Illegitimate Business,2,"When this land enters, you gain 1 life.",etb_life_gain_source_mismatch,gap,P0,mana,Printed clause absent or materially incomplete
bebop_rocksteady,Illegitimate Business,2,"When this land enters, you gain 1 life.",etb_life_gain_source_not_creature,gap,P0,mana,Printed clause absent or materially incomplete
bebop_rocksteady,Illegitimate Business,2,{T}: Add {B} or {G}.,activation_child_semantics_not_implemented,partial,P0,mana,"Only black, not alternative green mana, is available"
bebop_rocksteady,Primordial Pachyderm,2,"Reach, trample",trample_followup_semantics_not_implemented,covered,none,inventory,Other tested execution path
april_oneil,Fugitive Droid,4,This creature can't be blocked if an artifact entered the battlefield under your control this turn.,oracle_ability_not_implemented,gap,P0,combat,Printed clause absent or materially incomplete
april_oneil,Buzz Bots,4,"Flying, vigilance",oracle_ability_not_implemented,covered,none,inventory,Other tested execution path
april_oneil,"April O'Neil, Hacktivist",2,"At the beginning of your end step, draw a card for each card type among spells you've cast this turn.",oracle_ability_not_implemented,gap,P0,resource,Printed clause absent or materially incomplete
april_oneil,"Ray Fillet, Man Ray",2,Flying,oracle_ability_not_implemented,covered,none,inventory,Other tested execution path
april_oneil,Negate,1,Counter target noncreature spell.,oracle_ability_not_implemented,gap,P0,interaction,Printed clause absent or materially incomplete
april_oneil,Mind Transfer Protocol,3,"Until end of turn, target artifact or creature becomes an artifact creature with base power and toughness 4/5.",oracle_ability_not_implemented,gap,P0,board/zone,Cast/payment/target/stack path missing or incomplete
april_oneil,Mind Transfer Protocol,3,Draw a card.,oracle_ability_not_implemented,gap,P0,resource,Cast/payment/target/stack path missing or incomplete
april_oneil,Return to the Sewers,2,"Target creature's owner puts it on their choice of the top or bottom of their library. You create a Mutagen token. (It's an artifact with ""{1}, {T}, Sacrifice this token: Put a +1/+1 counter on target creature. Activate only as a sorcery."")",token_preceding_effect_not_implemented,gap,P0,interaction,Printed clause absent or materially incomplete
casey_jones,Purple Dragon Punks,4,{T}: Add {R}. Spend this mana only to cast an artifact spell or to activate an ability.,activation_child_semantics_not_implemented,gap,P0,mana,Printed clause absent or materially incomplete
casey_jones,Ravenous Robots,4,"Whenever you cast an artifact spell, create a 1/1 colorless Robot artifact creature token.",token_trigger_context_not_implemented,gap,P1,token,Printed clause absent or materially incomplete
casey_jones,Rock Soldiers,3,"When this creature enters, destroy up to one target noncreature artifact.",oracle_ability_not_implemented,covered,none,inventory,Other tested execution path
casey_jones,Improvised Arsenal,3,Equipped creature gets +1/+0 for each artifact you control.,oracle_ability_not_implemented,gap,P0,combat,Printed clause absent or materially incomplete
casey_jones,Improvised Arsenal,3,{4}{R}: Create a token that's a copy of this Equipment.,token_copy_not_implemented,gap,P1,token,Printed clause absent or materially incomplete
casey_jones,Improvised Arsenal,3,{4}{R}: Create a token that's a copy of this Equipment.,token_activation_context_not_implemented,gap,P1,token,Printed clause absent or materially incomplete
casey_jones,Improvised Arsenal,3,Equip {R},equipment_source_or_shape_not_supported,gap,P1,casting,Printed clause absent or materially incomplete
casey_jones,Mouser Foundry,4,"When this artifact enters or leaves the battlefield, create a 1/1 colorless Robot artifact creature token.",token_trigger_context_not_implemented,gap,P1,token,Printed clause absent or materially incomplete
casey_jones,Mouser Foundry,4,"{4}{R}, Sacrifice this artifact: It deals 3 damage to target creature.",damage_activation_context_not_implemented,gap,P0,interaction,Printed clause absent or materially incomplete
casey_jones,Spicy Oatmeal Pizza,4,"When this artifact enters, it deals 4 damage to any target and 3 damage to you.",damage_any_target_not_implemented,gap,P0,interaction,Printed clause absent or materially incomplete
casey_jones,Spicy Oatmeal Pizza,4,"When this artifact enters, it deals 4 damage to any target and 3 damage to you.",damage_trigger_context_not_implemented,gap,P0,interaction,Printed clause absent or materially incomplete
casey_jones,Spicy Oatmeal Pizza,4,"When this artifact enters, it deals 4 damage to any target and 3 damage to you.",damage_followup_semantics_not_implemented,gap,P0,interaction,Printed clause absent or materially incomplete
